date,NO2,NO2_cleaned,NO2_filled
2023-10-01,4.614269e-05,4.614269e-05,4.614269e-05
2023-10-02,4.5231795e-05,4.5231795e-05,4.5231795e-05
2023-10-03,4.43209e-05,4.43209e-05,4.43209e-05
2023-10-04,3.282356e-05,3.282356e-05,3.282356e-05
2023-10-05,4.3249267e-05,4.3249267e-05,4.3249267e-05
2023-10-06,4.4864053e-05,4.4864053e-05,4.4864053e-05
2023-10-07,3.5402278e-05,3.5402278e-05,3.5402278e-05
2023-10-08,2.5940504e-05,2.5940504e-05,2.5940504e-05
2023-10-09,3.2599713e-05,3.2599713e-05,3.2599713e-05
2023-10-10,4.5900742e-05,4.5900742e-05,4.5900742e-05
2023-10-11,4.949575e-05,4.949575e-05,4.949575e-05
2023-10-12,3.3689485e-05,3.3689485e-05,3.3689485e-05
2023-10-13,3.089934e-05,3.089934e-05,3.089934e-05
2023-10-14,2.6876909e-05,2.6876909e-05,2.6876909e-05
2023-10-15,1.9010875e-05,1.9010875e-05,1.9010875e-05
2023-10-16,3.439561e-05,3.439561e-05,3.439561e-05
2023-10-17,3.8341102e-05,3.8341102e-05,3.8341102e-05
2023-10-18,3.5580222e-05,3.5580222e-05,3.5580222e-05
2023-10-19,3.108019e-05,3.108019e-05,3.108019e-05
2023-10-20,5.168606e-05,5.168606e-05,5.168606e-05
2023-10-21,5.9897164e-05,5.9897164e-05,5.9897164e-05
2023-10-22,5.1340965e-05,5.1340965e-05,5.1340965e-05
2023-10-23,5.2734304e-05,5.2734304e-05,5.2734304e-05
2023-10-24,5.52638e-05,5.52638e-05,5.52638e-05
2023-10-25,5.531124e-05,5.531124e-05,5.531124e-05
2023-10-26,5.3984306e-05,5.3984306e-05,5.3984306e-05
2023-10-27,4.8466194e-05,4.8466194e-05,4.8466194e-05
2023-10-28,5.277638e-05,5.277638e-05,5.277638e-05
2023-10-29,6.5602064e-05,,5.7108457999999996e-05
2023-10-30,6.1440536e-05,6.1440536e-05,6.1440536e-05
2023-10-31,5.2970998e-05,5.2970998e-05,5.2970998e-05
2023-11-01,5.4395285e-05,5.4395285e-05,5.4395285e-05
2023-11-02,5.6017347e-05,5.6017347e-05,5.6017347e-05
2023-11-03,5.7100686e-05,5.7100686e-05,5.7100686e-05
2023-11-04,5.818403e-05,5.818403e-05,5.818403e-05
2023-11-05,5.9267375e-05,5.9267375e-05,5.9267375e-05
2023-11-06,6.792134e-05,,5.72284475e-05
2023-11-07,5.518952e-05,5.518952e-05,5.518952e-05
2023-11-08,6.3085e-05,,5.8605825e-05
2023-11-09,6.202213e-05,6.202213e-05,6.202213e-05
2023-11-10,6.304527e-05,,6.0987400000000005e-05
2023-11-11,6.149897e-05,,
2023-11-12,5.995267e-05,5.995267e-05,5.995267e-05
2023-11-13,5.686007e-05,5.686007e-05,5.686007e-05
2023-11-14,5.448159e-05,5.448159e-05,5.448159e-05
2023-11-15,5.2103103e-05,5.2103103e-05,5.2103103e-05
2023-11-16,4.972462e-05,4.972462e-05,4.972462e-05
2023-11-17,3.2112635e-05,3.2112635e-05,3.2112635e-05
2023-11-18,3.5681194e-05,3.5681194e-05,3.5681194e-05
2023-11-19,4.396102e-05,4.396102e-05,4.396102e-05
2023-11-20,5.2240845e-05,5.2240845e-05,5.2240845e-05
2023-11-21,5.641741e-05,5.641741e-05,5.641741e-05
2023-11-22,4.665715e-05,4.665715e-05,4.665715e-05
2023-11-23,4.3815093e-05,4.3815093e-05,4.3815093e-05
2023-11-24,4.097303e-05,4.097303e-05,4.097303e-05
2023-11-25,3.813098e-05,3.813098e-05,3.813098e-05
2023-11-26,3.5288926e-05,3.5288926e-05,3.5288926e-05
2023-11-27,4.293379e-05,4.293379e-05,4.293379e-05
2023-11-28,4.199246e-05,4.199246e-05,4.199246e-05
2023-11-29,4.105114e-05,4.105114e-05,4.105114e-05
2023-11-30,4.010981e-05,4.010981e-05,4.010981e-05
2023-12-01,3.9168484e-05,3.9168484e-05,3.9168484e-05
2023-12-02,3.8007667e-05,3.8007667e-05,3.8007667e-05
2023-12-03,3.684686e-05,3.684686e-05,3.684686e-05
2023-12-04,3.568604e-05,3.568604e-05,3.568604e-05
2023-12-05,3.4525227e-05,3.4525227e-05,3.4525227e-05
2023-12-06,3.3364413e-05,3.3364413e-05,3.3364413e-05
2023-12-07,3.22036e-05,3.22036e-05,3.22036e-05
2023-12-08,2.9684517e-05,2.9684517e-05,2.9684517e-05
2023-12-09,2.7165432e-05,2.7165432e-05,2.7165432e-05
2023-12-10,2.5633519e-05,2.5633519e-05,2.5633519e-05
2023-12-11,2.4101611e-05,2.4101611e-05,2.4101611e-05
2023-12-12,3.1800402e-05,3.1800402e-05,3.1800402e-05
2023-12-13,4.1715553e-05,4.1715553e-05,4.1715553e-05
2023-12-14,3.4674085e-05,3.4674085e-05,3.4674085e-05
2023-12-15,3.327686e-05,3.327686e-05,3.327686e-05
2023-12-16,4.2447093e-05,4.2447093e-05,4.2447093e-05
2023-12-17,2.6916872e-05,2.6916872e-05,2.6916872e-05
2023-12-18,2.7375798e-05,2.7375798e-05,2.7375798e-05
2023-12-19,1.5167392e-05,1.5167392e-05,1.5167392e-05
2023-12-20,2.5474985e-05,2.5474985e-05,2.5474985e-05
2023-12-21,3.0070274e-05,3.0070274e-05,3.0070274e-05
2023-12-22,3.6711717e-05,3.6711717e-05,3.6711717e-05
2023-12-23,4.3353168e-05,4.3353168e-05,4.3353168e-05
2023-12-24,3.9214687e-05,3.9214687e-05,3.9214687e-05
2023-12-25,4.1345396e-05,4.1345396e-05,4.1345396e-05
2023-12-26,4.3476106e-05,4.3476106e-05,4.3476106e-05
2023-12-27,3.5949946e-05,3.5949946e-05,3.5949946e-05
2023-12-28,4.1170533e-05,4.1170533e-05,4.1170533e-05
2023-12-29,4.0506035e-05,4.0506035e-05,4.0506035e-05
2023-12-30,4.177733e-05,4.177733e-05,4.177733e-05
2023-12-31,2.4935538e-05,2.4935538e-05,2.4935538e-05
2024-01-01,3.0316805999999997e-05,,
2024-01-02,3.5698074e-05,3.5698074e-05,3.5698074e-05
2024-01-03,4.07598e-05,4.07598e-05,4.07598e-05
2024-01-04,4.5821536e-05,4.5821536e-05,4.5821536e-05
2024-01-05,4.809261e-05,4.809261e-05,4.809261e-05
2024-01-06,4.698617e-05,4.698617e-05,4.698617e-05
2024-01-07,4.5879737e-05,4.5879737e-05,4.5879737e-05
2024-01-08,4.4773304e-05,4.4773304e-05,4.4773304e-05
2024-01-09,4.3666867e-05,4.3666867e-05,4.3666867e-05
2024-01-10,4.131894e-05,4.131894e-05,4.131894e-05
2024-01-11,3.5999776e-05,3.5999776e-05,3.5999776e-05
2024-01-12,1.3330577e-05,1.3330577e-05,1.3330577e-05
2024-01-13,1.917698e-05,1.917698e-05,1.917698e-05
2024-01-14,1.3653994e-05,1.3653994e-05,1.3653994e-05
2024-01-15,1.4111102e-05,1.4111102e-05,1.4111102e-05
2024-01-16,1.4568209e-05,1.4568209e-05,1.4568209e-05
2024-01-17,1.7164783e-05,1.7164783e-05,1.7164783e-05
2024-01-18,1.9761354e-05,1.9761354e-05,1.9761354e-05
2024-01-19,2.2357925e-05,2.2357925e-05,2.2357925e-05
2024-01-20,2.4954496e-05,2.4954496e-05,2.4954496e-05
2024-01-21,2.1997743e-05,2.1997743e-05,2.1997743e-05
2024-01-22,1.7116408e-05,1.7116408e-05,1.7116408e-05
2024-01-23,1.9304622e-05,1.9304622e-05,1.9304622e-05
2024-01-24,2.1492839e-05,2.1492839e-05,2.1492839e-05
2024-01-25,2.3681054e-05,2.3681054e-05,2.3681054e-05
2024-01-26,2.2159305e-05,2.2159305e-05,2.2159305e-05
2024-01-27,2.0637555e-05,2.0637555e-05,2.0637555e-05
2024-01-28,2.1378733e-05,2.1378733e-05,2.1378733e-05
2024-01-29,2.2119908e-05,2.2119908e-05,2.2119908e-05
2024-01-30,2.286108e-05,2.286108e-05,2.286108e-05
2024-01-31,2.3602255e-05,2.3602255e-05,2.3602255e-05
2024-02-01,2.434343e-05,2.434343e-05,2.434343e-05
2024-02-02,2.4682296e-05,2.4682296e-05,2.4682296e-05
2024-02-03,2.5021163e-05,2.5021163e-05,2.5021163e-05
2024-02-04,2.536003e-05,2.536003e-05,2.536003e-05
2024-02-05,2.1380916e-05,2.1380916e-05,2.1380916e-05
2024-02-06,2.2223156e-05,2.2223156e-05,2.2223156e-05
2024-02-07,2.0773374e-05,2.0773374e-05,2.0773374e-05
2024-02-08,1.932359e-05,1.932359e-05,1.932359e-05
2024-02-09,1.787381e-05,1.787381e-05,1.787381e-05
2024-02-10,1.6424026e-05,1.6424026e-05,1.6424026e-05
2024-02-11,1.4974245e-05,1.4974245e-05,1.4974245e-05
2024-02-12,1.734639e-05,1.734639e-05,1.734639e-05
2024-02-13,1.31423985e-05,1.31423985e-05,1.31423985e-05
2024-02-14,2.1568245e-05,2.1568245e-05,2.1568245e-05
2024-02-15,2.9994095e-05,2.9994095e-05,2.9994095e-05
2024-02-16,3.2565793e-05,3.2565793e-05,3.2565793e-05
2024-02-17,3.0370184e-05,3.0370184e-05,3.0370184e-05
2024-02-18,2.817457e-05,2.817457e-05,2.817457e-05
2024-02-19,2.4990648e-05,2.4990648e-05,2.4990648e-05
2024-02-20,2.0274472e-05,2.0274472e-05,2.0274472e-05
2024-02-21,2.3955858e-05,2.3955858e-05,2.3955858e-05
2024-02-22,1.681556e-05,1.681556e-05,1.681556e-05
2024-02-23,2.0121584e-05,2.0121584e-05,2.0121584e-05
2024-02-24,2.342761e-05,2.342761e-05,2.342761e-05
2024-02-25,2.6733636e-05,2.6733636e-05,2.6733636e-05
2024-02-26,3.003966e-05,3.003966e-05,3.003966e-05
2024-02-27,2.8180508e-05,2.8180508e-05,2.8180508e-05
2024-02-28,2.9732011e-05,2.9732011e-05,2.9732011e-05
2024-02-29,3.128351e-05,3.128351e-05,3.128351e-05
2024-03-01,3.283501e-05,3.283501e-05,3.283501e-05
2024-03-02,3.438651e-05,3.438651e-05,3.438651e-05
2024-03-03,3.593801e-05,3.593801e-05,3.593801e-05
2024-03-04,3.748951e-05,3.748951e-05,3.748951e-05
2024-03-05,4.0527022e-05,4.0527022e-05,4.0527022e-05
2024-03-06,4.2381274e-05,4.2381274e-05,4.2381274e-05
2024-03-07,4.610635e-05,4.610635e-05,4.610635e-05
2024-03-08,4.3683704e-05,4.3683704e-05,4.3683704e-05
2024-03-09,4.126106e-05,4.126106e-05,4.126106e-05
2024-03-10,3.8838414e-05,3.8838414e-05,3.8838414e-05
2024-03-11,3.641577e-05,3.641577e-05,3.641577e-05
2024-03-12,3.3993125e-05,3.3993125e-05,3.3993125e-05
2024-03-13,3.1570482e-05,3.1570482e-05,3.1570482e-05
2024-03-14,2.9147835e-05,2.9147835e-05,2.9147835e-05
2024-03-15,2.6725187e-05,2.6725187e-05,2.6725187e-05
2024-03-16,2.4302542e-05,2.4302542e-05,2.4302542e-05
2024-03-17,2.2217477e-05,2.2217477e-05,2.2217477e-05
2024-03-18,2.0132407e-05,2.0132407e-05,2.0132407e-05
2024-03-19,2.0789386e-05,2.0789386e-05,2.0789386e-05
2024-03-20,1.8613335e-05,1.8613335e-05,1.8613335e-05
2024-03-21,2.4927142e-05,2.4927142e-05,2.4927142e-05
2024-03-22,3.1240947e-05,3.1240947e-05,3.1240947e-05
2024-03-23,3.439785e-05,,
2024-03-24,3.7554753e-05,3.7554753e-05,3.7554753e-05
2024-03-25,3.985267e-05,3.985267e-05,3.985267e-05
2024-03-26,4.215058e-05,4.215058e-05,4.215058e-05
2024-03-27,4.4448494e-05,4.4448494e-05,4.4448494e-05
2024-03-28,3.8129205e-05,3.8129205e-05,3.8129205e-05
2024-03-29,3.180991e-05,3.180991e-05,3.180991e-05
2024-03-30,2.0972577e-05,2.0972577e-05,2.0972577e-05
2024-03-31,2.7629314e-05,2.7629314e-05,2.7629314e-05
2024-04-01,3.278973e-05,3.278973e-05,3.278973e-05
2024-04-02,3.7950136e-05,3.7950136e-05,3.7950136e-05
2024-04-03,4.3110544e-05,4.3110544e-05,4.3110544e-05
2024-04-04,3.17357e-05,3.17357e-05,3.17357e-05
2024-04-05,3.8828428e-05,3.8828428e-05,3.8828428e-05
2024-04-06,2.8492728e-05,2.8492728e-05,2.8492728e-05
2024-04-07,2.9971345e-05,2.9971345e-05,2.9971345e-05
2024-04-08,3.0117371e-05,3.0117371e-05,3.0117371e-05
2024-04-09,3.0263398e-05,3.0263398e-05,3.0263398e-05
2024-04-10,2.8176428e-05,2.8176428e-05,2.8176428e-05
2024-04-11,2.6089456e-05,2.6089456e-05,2.6089456e-05
2024-04-12,2.4002484e-05,2.4002484e-05,2.4002484e-05
2024-04-13,3.2033582e-05,3.2033582e-05,3.2033582e-05
2024-04-14,3.0341027e-05,3.0341027e-05,3.0341027e-05
2024-04-15,2.8648468e-05,2.8648468e-05,2.8648468e-05
2024-04-16,2.8216791e-05,2.8216791e-05,2.8216791e-05
2024-04-17,2.7785114e-05,2.7785114e-05,2.7785114e-05
2024-04-18,2.7353432e-05,2.7353432e-05,2.7353432e-05
2024-04-19,2.6921754e-05,2.6921754e-05,2.6921754e-05
2024-04-20,2.7851122e-05,2.7851122e-05,2.7851122e-05
2024-04-21,2.6065678e-05,2.6065678e-05,2.6065678e-05
2024-04-22,2.4280234e-05,2.4280234e-05,2.4280234e-05
2024-04-23,2.2494793e-05,2.2494793e-05,2.2494793e-05
2024-04-24,2.070935e-05,2.070935e-05,2.070935e-05
2024-04-25,1.8923907e-05,1.8923907e-05,1.8923907e-05
2024-04-26,1.7138465e-05,1.7138465e-05,1.7138465e-05
2024-04-27,3.0136945e-05,3.0136945e-05,3.0136945e-05
2024-04-28,3.63408e-05,3.63408e-05,3.63408e-05
2024-04-29,3.5278114e-05,3.5278114e-05,3.5278114e-05
2024-04-30,3.4215434e-05,3.4215434e-05,3.4215434e-05
2024-05-01,3.288677e-05,3.288677e-05,3.288677e-05
2024-05-02,3.1043077e-05,3.1043077e-05,3.1043077e-05
2024-05-03,2.9199386e-05,2.9199386e-05,2.9199386e-05
2024-05-04,2.7355687e-05,2.7355687e-05,2.7355687e-05
2024-05-05,2.344147e-05,2.344147e-05,2.344147e-05
2024-05-06,3.472365e-05,3.472365e-05,3.472365e-05
2024-05-07,4.039028e-05,4.039028e-05,4.039028e-05
2024-05-08,4.271678e-05,4.271678e-05,4.271678e-05
2024-05-09,3.5870948e-05,3.5870948e-05,3.5870948e-05
2024-05-10,2.9025114e-05,2.9025114e-05,2.9025114e-05
2024-05-11,3.5888617e-05,3.5888617e-05,3.5888617e-05
2024-05-12,3.3511027e-05,3.3511027e-05,3.3511027e-05
2024-05-13,3.742576e-05,3.742576e-05,3.742576e-05
2024-05-14,4.1340496e-05,4.1340496e-05,4.1340496e-05
2024-05-15,3.9521266e-05,3.9521266e-05,3.9521266e-05
2024-05-16,3.8009774e-05,3.8009774e-05,3.8009774e-05
2024-05-17,3.3385277e-05,3.3385277e-05,3.3385277e-05
2024-05-18,2.8879622e-05,2.8879622e-05,2.8879622e-05
2024-05-19,3.4883567e-05,3.4883567e-05,3.4883567e-05
2024-05-20,4.0887506e-05,4.0887506e-05,4.0887506e-05
2024-05-21,3.4661767e-05,3.4661767e-05,3.4661767e-05
2024-05-22,3.6676163e-05,3.6676163e-05,3.6676163e-05
2024-05-23,3.869056e-05,3.869056e-05,3.869056e-05
2024-05-24,4.0704952e-05,4.0704952e-05,4.0704952e-05
2024-05-25,4.1918473e-05,4.1918473e-05,4.1918473e-05
2024-05-26,3.8152673e-05,3.8152673e-05,3.8152673e-05
2024-05-27,3.2550794e-05,3.2550794e-05,3.2550794e-05
2024-05-28,1.8916167e-05,1.8916167e-05,1.8916167e-05
2024-05-29,3.0119663e-05,3.0119663e-05,3.0119663e-05
2024-05-30,3.943891e-05,3.943891e-05,3.943891e-05
2024-05-31,3.9109585e-05,3.9109585e-05,3.9109585e-05
2024-06-01,3.254552e-05,3.254552e-05,3.254552e-05
2024-06-02,2.9979914e-05,2.9979914e-05,2.9979914e-05
2024-06-03,2.5345644e-05,2.5345644e-05,2.5345644e-05
2024-06-04,2.7136395e-05,2.7136395e-05,2.7136395e-05
2024-06-05,2.8927145e-05,2.8927145e-05,2.8927145e-05
2024-06-06,3.4103334e-05,3.4103334e-05,3.4103334e-05
2024-06-07,3.2055646e-05,3.2055646e-05,3.2055646e-05
2024-06-08,3.7926344e-05,3.7926344e-05,3.7926344e-05
2024-06-09,4.1692914e-05,4.1692914e-05,4.1692914e-05
2024-06-10,4.5459485e-05,4.5459485e-05,4.5459485e-05
2024-06-11,4.922606e-05,4.922606e-05,4.922606e-05
2024-06-12,3.0685176e-05,3.0685176e-05,3.0685176e-05
2024-06-13,2.9565188e-05,2.9565188e-05,2.9565188e-05
2024-06-14,2.9713497e-05,2.9713497e-05,2.9713497e-05
2024-06-15,4.3136886e-05,4.3136886e-05,4.3136886e-05
2024-06-16,2.6344827e-05,2.6344827e-05,2.6344827e-05
2024-06-17,3.2742482e-05,3.2742482e-05,3.2742482e-05
2024-06-18,3.914013e-05,3.914013e-05,3.914013e-05
2024-06-19,4.275387e-05,4.275387e-05,4.275387e-05
2024-06-20,4.7628775e-05,4.7628775e-05,4.7628775e-05
2024-06-21,4.623247e-05,4.623247e-05,4.623247e-05
2024-06-22,4.2551677e-05,4.2551677e-05,4.2551677e-05
2024-06-23,4.1755084e-05,4.1755084e-05,4.1755084e-05
2024-06-24,4.0958494e-05,4.0958494e-05,4.0958494e-05
2024-06-25,4.458105e-05,4.458105e-05,4.458105e-05
2024-06-26,4.5171153e-05,4.5171153e-05,4.5171153e-05
2024-06-27,2.7823939e-05,2.7823939e-05,2.7823939e-05
2024-06-28,3.391687e-05,3.391687e-05,3.391687e-05
2024-06-29,3.9082828e-05,3.9082828e-05,3.9082828e-05
2024-06-30,4.1916293e-05,4.1916293e-05,4.1916293e-05
2024-07-01,4.0926327e-05,4.0926327e-05,4.0926327e-05
2024-07-02,3.9936356e-05,3.9936356e-05,3.9936356e-05
2024-07-03,3.8946397e-05,3.8946397e-05,3.8946397e-05
2024-07-04,3.7956426e-05,3.7956426e-05,3.7956426e-05
2024-07-05,3.6966456e-05,3.6966456e-05,3.6966456e-05
2024-07-06,2.6621154e-05,2.6621154e-05,2.6621154e-05
2024-07-07,3.3319735e-05,3.3319735e-05,3.3319735e-05
2024-07-08,3.2395474e-05,3.2395474e-05,3.2395474e-05
2024-07-09,5.4916243e-05,5.4916243e-05,5.4916243e-05
2024-07-10,5.1038212e-05,5.1038212e-05,5.1038212e-05
2024-07-11,4.754503e-05,4.754503e-05,4.754503e-05
2024-07-12,4.1546453e-05,4.1546453e-05,4.1546453e-05
2024-07-13,3.1770265e-05,3.1770265e-05,3.1770265e-05
2024-07-14,4.293344e-05,4.293344e-05,4.293344e-05
2024-07-15,3.5889585e-05,3.5889585e-05,3.5889585e-05
2024-07-16,5.216995e-05,5.216995e-05,5.216995e-05
2024-07-17,3.353115e-05,3.353115e-05,3.353115e-05
2024-07-18,3.845131e-05,3.845131e-05,3.845131e-05
2024-07-19,4.1574247e-05,4.1574247e-05,4.1574247e-05
2024-07-20,4.031677e-05,4.031677e-05,4.031677e-05
2024-07-21,3.3828437e-05,3.3828437e-05,3.3828437e-05
2024-07-22,3.5619545e-05,3.5619545e-05,3.5619545e-05
2024-07-23,3.741065e-05,3.741065e-05,3.741065e-05
2024-07-24,3.859625e-05,3.859625e-05,3.859625e-05
2024-07-25,4.960874e-05,4.960874e-05,4.960874e-05
2024-07-26,3.3932054e-05,3.3932054e-05,3.3932054e-05
2024-07-27,4.192721e-05,4.192721e-05,4.192721e-05
2024-07-28,3.5582765e-05,3.5582765e-05,3.5582765e-05
2024-07-29,3.771229e-05,3.771229e-05,3.771229e-05
2024-07-30,3.4581848e-05,3.4581848e-05,3.4581848e-05
2024-07-31,3.6703896e-05,3.6703896e-05,3.6703896e-05
2024-08-01,3.9800812e-05,3.9800812e-05,3.9800812e-05
2024-08-02,4.0509087e-05,4.0509087e-05,4.0509087e-05
2024-08-03,4.1217376e-05,4.1217376e-05,4.1217376e-05
2024-08-04,4.318734e-05,4.318734e-05,4.318734e-05
2024-08-05,4.7172216e-05,4.7172216e-05,4.7172216e-05
2024-08-06,3.7248334e-05,3.7248334e-05,3.7248334e-05
2024-08-07,3.819704e-05,3.819704e-05,3.819704e-05
2024-08-08,3.914574e-05,3.914574e-05,3.914574e-05
2024-08-09,4.0094445e-05,4.0094445e-05,4.0094445e-05
2024-08-10,4.2809625e-05,4.2809625e-05,4.2809625e-05
2024-08-11,4.2040094e-05,4.2040094e-05,4.2040094e-05
2024-08-12,4.2778517e-05,,
2024-08-13,4.351694e-05,4.351694e-05,4.351694e-05
2024-08-14,4.499378e-05,4.499378e-05,4.499378e-05
2024-08-15,4.3005402e-05,4.3005402e-05,4.3005402e-05
2024-08-16,3.0430816e-05,3.0430816e-05,3.0430816e-05
2024-08-17,4.6000772e-05,4.6000772e-05,4.6000772e-05
2024-08-18,5.642026e-05,5.642026e-05,5.642026e-05
2024-08-19,6.632585e-05,,5.5045325e-05
2024-08-20,5.367039e-05,5.367039e-05,5.367039e-05
2024-08-21,4.734856e-05,4.734856e-05,4.734856e-05
2024-08-22,5.664082e-05,5.664082e-05,5.664082e-05
2024-08-23,5.028787e-05,5.028787e-05,5.028787e-05
2024-08-24,4.3934913e-05,4.3934913e-05,4.3934913e-05
2024-08-25,4.7350877e-05,4.7350877e-05,4.7350877e-05
2024-08-26,4.5083638e-05,4.5083638e-05,4.5083638e-05
2024-08-27,5.380521e-05,5.380521e-05,5.380521e-05
2024-08-28,5.0025978e-05,5.0025978e-05,5.0025978e-05
2024-08-29,4.624673e-05,4.624673e-05,4.624673e-05
2024-08-30,4.2467494e-05,4.2467494e-05,4.2467494e-05
2024-08-31,5.316996e-05,5.316996e-05,5.316996e-05
2024-09-01,3.0027948e-05,3.0027948e-05,3.0027948e-05
2024-09-02,3.411574e-05,3.411574e-05,3.411574e-05
2024-09-03,3.8203536e-05,3.8203536e-05,3.8203536e-05
2024-09-04,3.984167e-05,3.984167e-05,3.984167e-05
2024-09-05,4.905381e-05,4.905381e-05,4.905381e-05
2024-09-06,5.302216e-05,5.302216e-05,5.302216e-05
2024-09-07,6.0139322e-05,6.0139322e-05,6.0139322e-05
2024-09-08,5.7569687e-05,5.7569687e-05,5.7569687e-05
2024-09-09,5.5000044e-05,5.5000044e-05,5.5000044e-05
2024-09-10,5.351086e-05,5.351086e-05,5.351086e-05
2024-09-11,5.2021674e-05,5.2021674e-05,5.2021674e-05
2024-09-12,5.2932544e-05,5.2932544e-05,5.2932544e-05
2024-09-13,5.3843418e-05,5.3843418e-05,5.3843418e-05
2024-09-14,4.826898e-05,4.826898e-05,4.826898e-05
2024-09-15,4.4230695e-05,4.4230695e-05,4.4230695e-05
2024-09-16,3.8522165e-05,3.8522165e-05,3.8522165e-05
2024-09-17,3.662836e-05,3.662836e-05,3.662836e-05
2024-09-18,4.776288e-05,4.776288e-05,4.776288e-05
2024-09-19,4.0816507e-05,4.0816507e-05,4.0816507e-05
2024-09-20,5.5894412e-05,5.5894412e-05,5.5894412e-05
2024-09-21,6.322909e-05,,5.8757371e-05
2024-09-22,6.162033e-05,6.162033e-05,6.162033e-05
2024-09-23,6.0011575e-05,6.0011575e-05,6.0011575e-05
2024-09-24,5.8402817e-05,5.8402817e-05,5.8402817e-05
2024-09-25,5.679407e-05,5.679407e-05,5.679407e-05
2024-09-26,5.687215e-05,5.687215e-05,5.687215e-05
2024-09-27,5.6950234e-05,5.6950234e-05,5.6950234e-05
2024-09-28,5.967176e-05,5.967176e-05,5.967176e-05
2024-09-29,6.692831e-05,,5.8153061e-05
2024-09-30,6.3297615e-05,,5.6634362e-05
2024-10-01,5.5115663e-05,5.5115663e-05,5.5115663e-05
2024-10-02,5.5758082e-05,5.5758082e-05,5.5758082e-05
2024-10-03,5.5105043e-05,5.5105043e-05,5.5105043e-05
2024-10-04,5.445201e-05,5.445201e-05,5.445201e-05
2024-10-05,5.379897e-05,5.379897e-05,5.379897e-05
2024-10-06,4.6427107e-05,4.6427107e-05,4.6427107e-05
2024-10-07,4.692854e-05,4.692854e-05,4.692854e-05
2024-10-08,4.4202734e-05,4.4202734e-05,4.4202734e-05
2024-10-09,4.1476927e-05,4.1476927e-05,4.1476927e-05
2024-10-10,2.6984031e-05,2.6984031e-05,2.6984031e-05
2024-10-11,2.1922177e-05,2.1922177e-05,2.1922177e-05
2024-10-12,2.6512922e-05,2.6512922e-05,2.6512922e-05
2024-10-13,5.084385e-05,5.084385e-05,5.084385e-05
2024-10-14,4.371773e-05,4.371773e-05,4.371773e-05
2024-10-15,3.6591617e-05,3.6591617e-05,3.6591617e-05
2024-10-16,2.9465496e-05,2.9465496e-05,2.9465496e-05
2024-10-17,3.0481871e-05,3.0481871e-05,3.0481871e-05
2024-10-18,3.5787358e-05,3.5787358e-05,3.5787358e-05
2024-10-19,3.9610488e-05,3.9610488e-05,3.9610488e-05
2024-10-20,3.355023e-05,3.355023e-05,3.355023e-05
2024-10-21,2.7489965e-05,2.7489965e-05,2.7489965e-05
2024-10-22,2.14297e-05,2.14297e-05,2.14297e-05
2024-10-23,2.7634378e-05,2.7634378e-05,2.7634378e-05
2024-10-24,3.877144e-05,3.877144e-05,3.877144e-05
2024-10-25,4.4860928e-05,4.4860928e-05,4.4860928e-05
2024-10-26,4.9671024e-05,4.9671024e-05,4.9671024e-05
2024-10-27,4.7922676e-05,4.7922676e-05,4.7922676e-05
2024-10-28,5.0298015e-05,5.0298015e-05,5.0298015e-05
2024-10-29,4.941238e-05,4.941238e-05,4.941238e-05
2024-10-30,4.814938e-05,4.814938e-05,4.814938e-05
2024-10-31,4.684191e-05,4.684191e-05,4.684191e-05
2024-11-01,4.4264754e-05,4.4264754e-05,4.4264754e-05
2024-11-02,4.1687592e-05,4.1687592e-05,4.1687592e-05
2024-11-03,3.9110437e-05,3.9110437e-05,3.9110437e-05
2024-11-04,3.653328e-05,3.653328e-05,3.653328e-05
2024-11-05,3.3956123e-05,3.3956123e-05,3.3956123e-05
2024-11-06,3.1378968e-05,3.1378968e-05,3.1378968e-05
2024-11-07,6.8065136e-05,,3.8826615999999996e-05
2024-11-08,6.57666e-05,,4.6274264e-05
2024-11-09,6.3468084e-05,,5.3721912e-05
2024-11-10,6.116956e-05,6.116956e-05,6.116956e-05
2024-11-11,5.8871028e-05,5.8871028e-05,5.8871028e-05
2024-11-12,5.65725e-05,5.65725e-05,5.65725e-05
2024-11-13,5.483304e-05,5.483304e-05,5.483304e-05
2024-11-14,5.4309527e-05,5.4309527e-05,5.4309527e-05
2024-11-15,5.378602e-05,5.378602e-05,5.378602e-05
2024-11-16,5.2486117e-05,5.2486117e-05,5.2486117e-05
2024-11-17,5.1186216e-05,5.1186216e-05,5.1186216e-05
2024-11-18,4.988631e-05,4.988631e-05,4.988631e-05
2024-11-19,4.8840564e-05,4.8840564e-05,4.8840564e-05
2024-11-20,4.7794816e-05,4.7794816e-05,4.7794816e-05
2024-11-21,4.6749068e-05,4.6749068e-05,4.6749068e-05
2024-11-22,4.5703324e-05,4.5703324e-05,4.5703324e-05
2024-11-23,4.4657576e-05,4.4657576e-05,4.4657576e-05
2024-11-24,4.361183e-05,4.361183e-05,4.361183e-05
2024-11-25,4.2566084e-05,4.2566084e-05,4.2566084e-05
2024-11-26,4.1520336e-05,4.1520336e-05,4.1520336e-05
2024-11-27,4.047459e-05,4.047459e-05,4.047459e-05
2024-11-28,3.9428844e-05,3.9428844e-05,3.9428844e-05
2024-11-29,3.83831e-05,3.83831e-05,3.83831e-05
2024-11-30,3.7337348e-05,3.7337348e-05,3.7337348e-05
2024-12-01,3.6291603e-05,3.6291603e-05,3.6291603e-05
2024-12-02,3.524586e-05,3.524586e-05,3.524586e-05
2024-12-03,3.420011e-05,3.420011e-05,3.420011e-05
2024-12-04,3.338469e-05,3.338469e-05,3.338469e-05
2024-12-05,3.2569267e-05,3.2569267e-05,3.2569267e-05
2024-12-06,3.175384e-05,3.175384e-05,3.175384e-05
2024-12-07,3.0938416e-05,3.0938416e-05,3.0938416e-05
2024-12-08,3.0122992e-05,3.0122992e-05,3.0122992e-05
2024-12-09,2.9307566e-05,2.9307566e-05,2.9307566e-05
2024-12-10,2.8492146e-05,2.8492146e-05,2.8492146e-05
2024-12-11,2.767672e-05,2.767672e-05,2.767672e-05
2024-12-12,2.6861297e-05,2.6861297e-05,2.6861297e-05
2024-12-13,2.6045871e-05,2.6045871e-05,2.6045871e-05
2024-12-14,2.5230449e-05,2.5230449e-05,2.5230449e-05
2024-12-15,2.4415023e-05,2.4415023e-05,2.4415023e-05
2024-12-16,2.35996e-05,2.35996e-05,2.35996e-05
2024-12-17,2.2784176e-05,2.2784176e-05,2.2784176e-05
2024-12-18,2.1968752e-05,2.1968752e-05,2.1968752e-05
2024-12-19,3.0085319e-05,3.0085319e-05,3.0085319e-05
2024-12-20,2.9610832e-05,2.9610832e-05,2.9610832e-05
2024-12-21,2.9136343e-05,2.9136343e-05,2.9136343e-05
2024-12-22,2.759088e-05,2.759088e-05,2.759088e-05
2024-12-23,2.6045418e-05,2.6045418e-05,2.6045418e-05
2024-12-24,2.4499952e-05,2.4499952e-05,2.4499952e-05
2024-12-25,2.2954488e-05,2.2954488e-05,2.2954488e-05
2024-12-26,2.1409023e-05,2.1409023e-05,2.1409023e-05
2024-12-27,1.986356e-05,1.986356e-05,1.986356e-05
2024-12-28,1.8318095e-05,1.8318095e-05,1.8318095e-05
2024-12-29,1.6772632e-05,1.6772632e-05,1.6772632e-05
2024-12-30,1.823323e-05,1.823323e-05,1.823323e-05
2024-12-31,1.9693829e-05,1.9693829e-05,1.9693829e-05
2025-01-01,2.1372265e-05,2.1372265e-05,2.1372265e-05
2025-01-02,2.30507e-05,2.30507e-05,2.30507e-05
2025-01-03,2.4729135e-05,2.4729135e-05,2.4729135e-05
2025-01-04,2.8327231e-05,2.8327231e-05,2.8327231e-05
2025-01-05,3.192532e-05,3.192532e-05,3.192532e-05
2025-01-06,3.552341e-05,3.552341e-05,3.552341e-05
2025-01-07,3.1208176e-05,3.1208176e-05,3.1208176e-05
2025-01-08,2.7353148e-05,2.7353148e-05,2.7353148e-05
2025-01-09,2.3498122e-05,2.3498122e-05,2.3498122e-05
2025-01-10,2.3564058e-05,2.3564058e-05,2.3564058e-05
2025-01-11,2.3629995e-05,2.3629995e-05,2.3629995e-05
2025-01-12,2.3942957e-05,2.3942957e-05,2.3942957e-05
2025-01-13,2.4255924e-05,2.4255924e-05,2.4255924e-05
2025-01-14,2.4568886e-05,2.4568886e-05,2.4568886e-05
2025-01-15,2.4881849e-05,2.4881849e-05,2.4881849e-05
2025-01-16,2.5194815e-05,2.5194815e-05,2.5194815e-05
2025-01-17,2.5205543e-05,2.5205543e-05,2.5205543e-05
2025-01-18,2.6890231e-05,2.6890231e-05,2.6890231e-05
2025-01-19,2.857492e-05,2.857492e-05,2.857492e-05
2025-01-20,2.8950906e-05,2.8950906e-05,2.8950906e-05
2025-01-21,2.9326895e-05,2.9326895e-05,2.9326895e-05
2025-01-22,2.9702882e-05,2.9702882e-05,2.9702882e-05
2025-01-23,3.0078867e-05,3.0078867e-05,3.0078867e-05
2025-01-24,3.0454856e-05,3.0454856e-05,3.0454856e-05
2025-01-25,3.083084e-05,3.083084e-05,3.083084e-05
2025-01-26,3.032797e-05,3.032797e-05,3.032797e-05
2025-01-27,2.9825094e-05,2.9825094e-05,2.9825094e-05
2025-01-28,2.9322222e-05,2.9322222e-05,2.9322222e-05
2025-01-29,2.881935e-05,2.881935e-05,2.881935e-05
2025-01-30,2.8651725666666667e-05,,
2025-01-31,2.8484101333333333e-05,,
2025-02-01,2.8316477e-05,2.8316477e-05,2.8316477e-05
2025-02-02,2.7813603e-05,2.7813603e-05,2.7813603e-05
2025-02-03,2.731073e-05,2.731073e-05,2.731073e-05
2025-02-04,2.6807858e-05,2.6807858e-05,2.6807858e-05
2025-02-05,2.6304986e-05,2.6304986e-05,2.6304986e-05
2025-02-06,2.5802114e-05,2.5802114e-05,2.5802114e-05
2025-02-07,2.8486285e-05,2.8486285e-05,2.8486285e-05
2025-02-08,2.8176311e-05,2.8176311e-05,2.8176311e-05
2025-02-09,2.7866332e-05,2.7866332e-05,2.7866332e-05
2025-02-10,2.7556358e-05,2.7556358e-05,2.7556358e-05
2025-02-11,2.7246382e-05,2.7246382e-05,2.7246382e-05
2025-02-12,2.7811391e-05,2.7811391e-05,2.7811391e-05
2025-02-13,2.8376402e-05,2.8376402e-05,2.8376402e-05
2025-02-14,2.8941411e-05,2.8941411e-05,2.8941411e-05
2025-02-15,2.950642e-05,2.950642e-05,2.950642e-05
2025-02-16,3.0071425e-05,3.0071425e-05,3.0071425e-05
2025-02-17,2.9250356e-05,2.9250356e-05,2.9250356e-05
2025-02-18,2.8429284e-05,2.8429284e-05,2.8429284e-05
2025-02-19,2.895662e-05,2.895662e-05,2.895662e-05
2025-02-20,2.9131867e-05,2.9131867e-05,2.9131867e-05
2025-02-21,2.9307112e-05,2.9307112e-05,2.9307112e-05
2025-02-22,2.9482355e-05,2.9482355e-05,2.9482355e-05
2025-02-23,2.9657598e-05,2.9657598e-05,2.9657598e-05
2025-02-24,2.9832845e-05,2.9832845e-05,2.9832845e-05
2025-02-25,3.0008094e-05,3.0008094e-05,3.0008094e-05
2025-02-26,3.07957e-05,3.07957e-05,3.07957e-05
2025-02-27,3.1583313e-05,3.1583313e-05,3.1583313e-05
2025-02-28,3.2460175e-05,3.2460175e-05,3.2460175e-05
2025-03-01,3.3337037e-05,3.3337037e-05,3.3337037e-05
2025-03-02,3.295228e-05,3.295228e-05,3.295228e-05
2025-03-03,3.7768063e-05,3.7768063e-05,3.7768063e-05
2025-03-04,3.8232112e-05,3.8232112e-05,3.8232112e-05
2025-03-05,3.466308e-05,3.466308e-05,3.466308e-05
2025-03-06,3.1094052e-05,3.1094052e-05,3.1094052e-05
2025-03-07,3.027052e-05,3.027052e-05,3.027052e-05
2025-03-08,2.9446986e-05,2.9446986e-05,2.9446986e-05
2025-03-09,2.8623459e-05,2.8623459e-05,2.8623459e-05
2025-03-10,2.9349425e-05,2.9349425e-05,2.9349425e-05
2025-03-11,3.0075395e-05,3.0075395e-05,3.0075395e-05
2025-03-12,2.5857851e-05,2.5857851e-05,2.5857851e-05
2025-03-13,2.4716797e-05,2.4716797e-05,2.4716797e-05
2025-03-14,2.3575742e-05,2.3575742e-05,2.3575742e-05
2025-03-15,2.2434688e-05,2.2434688e-05,2.2434688e-05
2025-03-16,2.1293632e-05,2.1293632e-05,2.1293632e-05
2025-03-17,2.0152576e-05,2.0152576e-05,2.0152576e-05
2025-03-18,1.901152e-05,1.901152e-05,1.901152e-05
2025-03-19,1.9780759e-05,1.9780759e-05,1.9780759e-05
2025-03-20,2.0549995e-05,2.0549995e-05,2.0549995e-05
2025-03-21,2.1679241e-05,2.1679241e-05,2.1679241e-05
2025-03-22,2.1614931e-05,2.1614931e-05,2.1614931e-05
2025-03-23,2.1550622e-05,2.1550622e-05,2.1550622e-05
2025-03-24,2.3065464e-05,2.3065464e-05,2.3065464e-05
2025-03-25,2.4580306e-05,2.4580306e-05,2.4580306e-05
2025-03-26,2.827093e-05,2.827093e-05,2.827093e-05
2025-03-27,3.1565272e-05,3.1565272e-05,3.1565272e-05
2025-03-28,2.8424438e-05,2.8424438e-05,2.8424438e-05
2025-03-29,2.52836e-05,2.52836e-05,2.52836e-05
2025-03-30,2.2142769e-05,2.2142769e-05,2.2142769e-05
2025-03-31,1.9001931e-05,1.9001931e-05,1.9001931e-05
2025-04-01,1.9744684e-05,1.9744684e-05,1.9744684e-05
2025-04-02,1.7873781e-05,1.7873781e-05,1.7873781e-05
2025-04-03,1.6672164e-05,1.6672164e-05,1.6672164e-05
2025-04-04,1.6115464e-05,1.6115464e-05,1.6115464e-05
2025-04-05,2.2514858e-05,2.2514858e-05,2.2514858e-05
2025-04-06,2.7810085e-05,2.7810085e-05,2.7810085e-05
2025-04-07,2.8584738e-05,2.8584738e-05,2.8584738e-05
2025-04-08,2.7605241e-05,2.7605241e-05,2.7605241e-05
2025-04-09,2.662575e-05,2.662575e-05,2.662575e-05
2025-04-10,2.5646257e-05,2.5646257e-05,2.5646257e-05
2025-04-11,2.4666766e-05,2.4666766e-05,2.4666766e-05
2025-04-12,2.3687271e-05,2.3687271e-05,2.3687271e-05
2025-04-13,2.5538862e-05,2.5538862e-05,2.5538862e-05
2025-04-14,2.739045e-05,2.739045e-05,2.739045e-05
2025-04-15,2.9242041e-05,2.9242041e-05,2.9242041e-05
2025-04-16,3.1093627e-05,3.1093627e-05,3.1093627e-05
2025-04-17,3.2945216e-05,3.2945216e-05,3.2945216e-05
2025-04-18,3.4796805e-05,3.4796805e-05,3.4796805e-05
2025-04-19,3.6648395e-05,3.6648395e-05,3.6648395e-05
2025-04-20,3.378608e-05,3.378608e-05,3.378608e-05
2025-04-21,3.0923766e-05,3.0923766e-05,3.0923766e-05
2025-04-22,2.8061448e-05,2.8061448e-05,2.8061448e-05
2025-04-23,3.421221e-05,3.421221e-05,3.421221e-05
2025-04-24,4.02867e-05,4.02867e-05,4.02867e-05
2025-04-25,4.1794425e-05,4.1794425e-05,4.1794425e-05
2025-04-26,4.330215e-05,4.330215e-05,4.330215e-05
2025-04-27,2.9317504e-05,2.9317504e-05,2.9317504e-05
2025-04-28,2.3231267e-05,2.3231267e-05,2.3231267e-05
2025-04-29,3.3841563e-05,3.3841563e-05,3.3841563e-05
2025-04-30,3.320115e-05,3.320115e-05,3.320115e-05
2025-05-01,3.2560747e-05,3.2560747e-05,3.2560747e-05
2025-05-02,3.192034e-05,3.192034e-05,3.192034e-05
2025-05-03,2.8672932e-05,2.8672932e-05,2.8672932e-05
2025-05-04,3.5099045e-05,3.5099045e-05,3.5099045e-05
2025-05-05,3.7363105e-05,3.7363105e-05,3.7363105e-05
2025-05-06,3.7608737e-05,3.7608737e-05,3.7608737e-05
2025-05-07,3.7854374e-05,3.7854374e-05,3.7854374e-05
2025-05-08,3.810001e-05,3.810001e-05,3.810001e-05
2025-05-09,3.8345635e-05,3.8345635e-05,3.8345635e-05
2025-05-10,3.859127e-05,3.859127e-05,3.859127e-05
2025-05-11,3.409299e-05,3.409299e-05,3.409299e-05
2025-05-12,3.6110665e-05,3.6110665e-05,3.6110665e-05
2025-05-13,3.8128335e-05,3.8128335e-05,3.8128335e-05
2025-05-14,3.0799303e-05,3.0799303e-05,3.0799303e-05
2025-05-15,3.0932664e-05,3.0932664e-05,3.0932664e-05
2025-05-16,3.106602e-05,3.106602e-05,3.106602e-05
2025-05-17,3.119938e-05,3.119938e-05,3.119938e-05
2025-05-18,2.2469701e-05,2.2469701e-05,2.2469701e-05
2025-05-19,2.3977242e-05,2.3977242e-05,2.3977242e-05
2025-05-20,2.5484778e-05,2.5484778e-05,2.5484778e-05
2025-05-21,2.6465517e-05,2.6465517e-05,2.6465517e-05
2025-05-22,2.7446255e-05,2.7446255e-05,2.7446255e-05
2025-05-23,2.8426992e-05,2.8426992e-05,2.8426992e-05
2025-05-24,2.9407725e-05,2.9407725e-05,2.9407725e-05
2025-05-25,2.4870209e-05,2.4870209e-05,2.4870209e-05
2025-05-26,2.5008509e-05,2.5008509e-05,2.5008509e-05
2025-05-27,2.5146808e-05,2.5146808e-05,2.5146808e-05
2025-05-28,2.5285111e-05,2.5285111e-05,2.5285111e-05
2025-05-29,2.5423413e-05,2.5423413e-05,2.5423413e-05
2025-05-30,3.4749955e-05,3.4749955e-05,3.4749955e-05
2025-05-31,3.8016246e-05,3.8016246e-05,3.8016246e-05
2025-06-01,4.1282525e-05,4.1282525e-05,4.1282525e-05
2025-06-02,4.454881e-05,4.454881e-05,4.454881e-05
2025-06-03,3.533147e-05,3.533147e-05,3.533147e-05
2025-06-04,3.087803e-05,3.087803e-05,3.087803e-05
2025-06-05,2.6424585e-05,2.6424585e-05,2.6424585e-05
2025-06-06,3.0969826e-05,3.0969826e-05,3.0969826e-05
2025-06-07,3.3455635e-05,3.3455635e-05,3.3455635e-05
2025-06-08,3.5941444e-05,3.5941444e-05,3.5941444e-05
2025-06-09,3.8427257e-05,3.8427257e-05,3.8427257e-05
2025-06-10,3.9638042e-05,3.9638042e-05,3.9638042e-05
2025-06-11,4.1281957e-05,4.1281957e-05,4.1281957e-05
2025-06-12,4.632524e-05,4.632524e-05,4.632524e-05
2025-06-13,4.001645e-05,4.001645e-05,4.001645e-05
2025-06-14,3.3707667e-05,3.3707667e-05,3.3707667e-05
2025-06-15,3.2926207e-05,3.2926207e-05,3.2926207e-05
2025-06-16,3.2249085e-05,3.2249085e-05,3.2249085e-05
2025-06-17,3.157196e-05,3.157196e-05,3.157196e-05
2025-06-18,3.164938e-05,3.164938e-05,3.164938e-05
2025-06-19,3.4562225e-05,3.4562225e-05,3.4562225e-05
2025-06-20,3.356948e-05,3.356948e-05,3.356948e-05
2025-06-21,3.2576725e-05,3.2576725e-05,3.2576725e-05
2025-06-22,3.1583975e-05,3.1583975e-05,3.1583975e-05
2025-06-23,3.0591225e-05,3.0591225e-05,3.0591225e-05
2025-06-24,2.9598476e-05,2.9598476e-05,2.9598476e-05
2025-06-25,3.7193277e-05,3.7193277e-05,3.7193277e-05
2025-06-26,3.7294274e-05,3.7294274e-05,3.7294274e-05
2025-06-27,3.739528e-05,3.739528e-05,3.739528e-05
2025-06-28,3.7333153e-05,3.7333153e-05,3.7333153e-05
2025-06-29,3.7271027e-05,3.7271027e-05,3.7271027e-05
2025-06-30,3.720891e-05,3.720891e-05,3.720891e-05
2025-07-01,3.600451e-05,3.600451e-05,3.600451e-05
2025-07-02,3.3005414e-05,3.3005414e-05,3.3005414e-05
2025-07-03,3.0337189e-05,3.0337189e-05,3.0337189e-05
2025-07-04,2.7668966e-05,2.7668966e-05,2.7668966e-05
2025-07-05,2.9562158e-05,2.9562158e-05,2.9562158e-05
2025-07-06,3.1455354e-05,3.1455354e-05,3.1455354e-05
2025-07-07,3.334855e-05,3.334855e-05,3.334855e-05
2025-07-08,3.5241745e-05,3.5241745e-05,3.5241745e-05
2025-07-09,3.713494e-05,3.713494e-05,3.713494e-05
2025-07-10,3.8468446e-05,3.8468446e-05,3.8468446e-05
2025-07-11,3.873262e-05,3.873262e-05,3.873262e-05
2025-07-12,3.899679e-05,3.899679e-05,3.899679e-05
2025-07-13,3.9260965e-05,3.9260965e-05,3.9260965e-05
2025-07-14,3.952514e-05,3.952514e-05,3.952514e-05
2025-07-15,3.83392e-05,3.83392e-05,3.83392e-05
2025-07-16,3.7153266e-05,3.7153266e-05,3.7153266e-05
2025-07-17,3.1130658e-05,3.1130658e-05,3.1130658e-05
2025-07-18,2.7876173e-05,2.7876173e-05,2.7876173e-05
2025-07-19,3.391045e-05,3.391045e-05,3.391045e-05
2025-07-20,4.339211e-05,4.339211e-05,4.339211e-05
2025-07-21,4.1598865e-05,4.1598865e-05,4.1598865e-05
2025-07-22,4.6970683e-05,4.6970683e-05,4.6970683e-05
2025-07-23,4.5562192e-05,4.5562192e-05,4.5562192e-05
2025-07-24,4.196636e-05,4.196636e-05,4.196636e-05
2025-07-25,3.837053e-05,3.837053e-05,3.837053e-05
2025-07-26,3.9844806e-05,3.9844806e-05,3.9844806e-05
2025-07-27,4.1988922e-05,4.1988922e-05,4.1988922e-05
2025-07-28,3.7011956e-05,3.7011956e-05,3.7011956e-05
2025-07-29,3.593739e-05,3.593739e-05,3.593739e-05
2025-07-30,3.4862827e-05,3.4862827e-05,3.4862827e-05
2025-07-31,3.3788263e-05,3.3788263e-05,3.3788263e-05
2025-08-01,3.27137e-05,3.27137e-05,3.27137e-05
2025-08-02,3.5586316e-05,3.5586316e-05,3.5586316e-05
2025-08-03,3.8287537e-05,3.8287537e-05,3.8287537e-05
2025-08-04,4.0988747e-05,4.0988747e-05,4.0988747e-05
2025-08-05,4.368996e-05,4.368996e-05,4.368996e-05
2025-08-06,4.6391175e-05,4.6391175e-05,4.6391175e-05
2025-08-07,4.0469913e-05,4.0469913e-05,4.0469913e-05
2025-08-08,4.055893e-05,4.055893e-05,4.055893e-05
2025-08-09,4.2560678e-05,4.2560678e-05,4.2560678e-05
2025-08-10,4.2920627e-05,4.2920627e-05,4.2920627e-05
2025-08-11,4.3280572e-05,4.3280572e-05,4.3280572e-05
2025-08-12,4.3644854e-05,4.3644854e-05,4.3644854e-05
2025-08-13,4.3787448e-05,4.3787448e-05,4.3787448e-05
2025-08-14,4.3379332e-05,4.3379332e-05,4.3379332e-05
2025-08-15,4.2971224e-05,4.2971224e-05,4.2971224e-05
2025-08-16,4.712456e-05,4.712456e-05,4.712456e-05
2025-08-17,4.442555e-05,4.442555e-05,4.442555e-05
2025-08-18,4.476492e-05,4.476492e-05,4.476492e-05
2025-08-19,4.501418e-05,4.501418e-05,4.501418e-05
2025-08-20,4.526344e-05,4.526344e-05,4.526344e-05
2025-08-21,4.55127e-05,4.55127e-05,4.55127e-05
2025-08-22,3.274521e-05,3.274521e-05,3.274521e-05
2025-08-23,4.1608542e-05,4.1608542e-05,4.1608542e-05
2025-08-24,3.5447018e-05,3.5447018e-05,3.5447018e-05
2025-08-25,3.1534026e-05,3.1534026e-05,3.1534026e-05
2025-08-26,4.135229e-05,4.135229e-05,4.135229e-05
2025-08-27,3.2362455e-05,3.2362455e-05,3.2362455e-05
2025-08-28,2.9015546e-05,2.9015546e-05,2.9015546e-05
2025-08-29,2.9766108e-05,2.9766108e-05,2.9766108e-05
2025-08-30,3.0516667e-05,3.0516667e-05,3.0516667e-05
2025-08-31,3.0536463e-05,3.0536463e-05,3.0536463e-05
2025-09-01,3.0362284e-05,3.0362284e-05,3.0362284e-05
2025-09-02,2.3714414e-05,2.3714414e-05,2.3714414e-05
2025-09-03,3.239109e-05,3.239109e-05,3.239109e-05
2025-09-04,3.5506233e-05,3.5506233e-05,3.5506233e-05
2025-09-05,3.7110112e-05,3.7110112e-05,3.7110112e-05
2025-09-06,3.805665e-05,3.805665e-05,3.805665e-05
2025-09-07,3.876266e-05,3.876266e-05,3.876266e-05
2025-09-08,3.9468676e-05,3.9468676e-05,3.9468676e-05
2025-09-09,4.0174687e-05,4.0174687e-05,4.0174687e-05
2025-09-10,4.0880703e-05,4.0880703e-05,4.0880703e-05
2025-09-11,4.1586714e-05,4.1586714e-05,4.1586714e-05
2025-09-12,4.272595e-05,4.272595e-05,4.272595e-05
2025-09-13,4.0713257e-05,4.0713257e-05,4.0713257e-05
2025-09-14,3.511425e-05,3.511425e-05,3.511425e-05
2025-09-15,3.4876608e-05,3.4876608e-05,3.4876608e-05
2025-09-16,3.481084e-05,3.481084e-05,3.481084e-05
2025-09-17,3.474507e-05,3.474507e-05,3.474507e-05
2025-09-18,3.176e-05,3.176e-05,3.176e-05
2025-09-19,2.8774928e-05,2.8774928e-05,2.8774928e-05
2025-09-20,2.8090108e-05,2.8090108e-05,2.8090108e-05
2025-09-21,3.709756e-05,3.709756e-05,3.709756e-05
2025-09-22,4.4108136e-05,4.4108136e-05,4.4108136e-05
2025-09-23,3.9952858e-05,3.9952858e-05,3.9952858e-05
2025-09-24,4.1695792e-05,4.1695792e-05,4.1695792e-05
2025-09-25,3.564987e-05,3.564987e-05,3.564987e-05
2025-09-26,4.3605618e-05,4.3605618e-05,4.3605618e-05
2025-09-27,5.156137e-05,5.156137e-05,5.156137e-05
2025-09-28,1.7101385e-05,1.7101385e-05,1.7101385e-05
2025-09-29,2.5685518e-05,2.5685518e-05,2.5685518e-05
2025-09-30,3.426965e-05,3.426965e-05,3.426965e-05
